"0","advice_dyads[1:5, 1:5]
"
"1"," "
"1"," 1     "
"1"," 2     "
"1"," 3     "
"1"," 4     "
"1"," 5     "
"1","
1"
"1"," NA    "
"1"," ""asym"""
"1"," ""asym"""
"1"," ""mut"" "
"1"," ""asym"""
"1","
2"
"1"," ""asym"""
"1"," NA    "
"1"," ""asym"""
"1"," ""asym"""
"1"," ""asym"""
"1","
3"
"1"," ""asym"""
"1"," ""asym"""
"1"," NA    "
"1"," ""asym"""
"1"," ""null"""
"1","
4"
"1"," ""mut"" "
"1"," ""asym"""
"1"," ""asym"""
"1"," NA    "
"1"," ""null"""
"1","
5"
"1"," ""asym"""
"1"," ""asym"""
"1"," ""null"""
"1"," ""null"""
"1"," NA    "
"1","
"
